"Id";"Title";"First Name";"Second Name";"Job";"Email";"Electorate";"Party";"Portfolios";"URL";"Twitter";"Address Type";"Postal";"Address 1";"Address 2";"Suburb";"State";"Pcode";"Phone";"Tollfree";"Fax";"Address Type";"Postal";"Address 1";"Address 2";"Suburb";"State";"Pcode";"Phone";"Tollfree";"Fax";"Address Type";"Postal";"Address 1";"Address 2";"Suburb";"State";"Pcode";"Phone";"Tollfree";"Fax";;;;;;;
;"Ms";"Jacinta";"Allan";"Manager of Opposition Business; Shadow Minister for Regional and Rural Development; Shadow Minister for Bushfire Response; Shadow Minister for Police and Emergency Services; ";"jacinta.allan@parliament.vic.gov.au";"Bendigo East";"ALP";;"http://www.jacintaallan.com";;1;0;"35 Wills Street";;"Bendigo";"VIC";3550;"(03) 5443 2144";;"(03) 5443 8979";1;1;"PO Box 399";" ";"Bendigo";"VIC";3552;;;;;;;;;;;;;;;;;;;;
;"Mr";"Daniel";"Andrews";"Leader of the Labor Party; Leader of the Opposition; Shadow Minister for Veterans' Affairs; Shadow Minister for Multicultural Affairs; ";"daniel.andrews@parliament.vic.gov.au";"Mulgrave";"ALP";;"http://www.danielandrews.com.au";;1;0;"517A Princes Highway";;"Noble Park";"VIC";3174;"(03) 9548 5644";;"(03) 9548 5634";;;;" ";;;;;;;;;;;;;;;;;;;;;;;
;"Mr";"Neil";"Angus";;"neil.angus@parliament.vic.gov.au";"Forest Hill";"LIB";;;;1;0;"4 Lawrence Street";;"Blackburn South";"VIC";3130;"(03) 9877 5628";;"(03) 9894 2121";;;;" ";;;;;;;;;;;;;;;;;;;;;;;
;"Ms";"Louise";"Asher";"Deputy Leader of the Liberal Party; Minister for Innovation, Services and Small Business; Minister for Tourism and Major Events; ";"louise.asher@parliament.vic.gov.au";"Brighton";"LIB";;;;1;0;"Ground Floor";"228-230 Bay Street";"Brighton";"VIC";3186;"(03) 9596 9680";;"(03) 9596 0956";3;0;"Level 36";"121 Exhibition Street";"Melbourne";"VIC";3000;"(03) 9651 9900";;"(03) 9651 9962";;;;;;;;;;;;;;;;;
;"Mr";"Ted";"Baillieu";"Premier; Leader of the Liberal Party; Minister for the Arts; ";"ted.baillieu@parliament.vic.gov.au";"Hawthorn";"LIB";;"http://www.premier.vic.gov.au";;1;0;"325 Camberwell Road";;"Camberwell";"VIC";3124;"(03) 9882 4088";;"(03) 9882 4051";3;0;"Level 1";"1 Treasury Place";"Melbourne";"VIC";3000;"(03) 9651 5000";;"(03) 9651 5054";;;;;;;;;;;;;;;;;
;"Ms";"Ann";"Barker";;"ann.barker@parliament.vic.gov.au";"Oakleigh";"ALP";;"http://www.annbarker.net/";;1;0;"19 Station Street";;"Oakleigh";"VIC";3166;"(03) 9568 4625";;"(03) 9563 2512";;;;" ";;;;;;;;;;;;;;;;;;;;;;;
;"Mr";"Brad";"Battin";;"brad.battin@parliament.vic.gov.au";"Gembrook";"LIB";;"http://www.bradbattin.com";;1;0;"Suite 5";"6-8 Langmore Lane";"Berwick";"VIC";3806;"(03) 9796 1987";;"(03) 9796 1891";;;;" ";;;;;;;;;;;;;;;;;;;;;;;
;"Mrs";"Donna";"Bauer";;"donna.bauer@parliament.vic.gov.au";"Carrum";"LIB";;;;1;0;"374 Nepean Highway";;"Chelsea";"VIC";3196;"(03) 9772 4544";;"(03) 9776 0138";;;;" ";;;;;;;;;;;;;;;;;;;;;;;
;"Ms";"Liz";"Beattie";;"elizabeth.beattie@parliament.vic.gov.au";"Yuroke";"ALP";;"http://www.lizbeattie.com.au";;1;0;"3A Hamilton Street";;"Craigieburn";"VIC";3064;"(03) 9305 7177";;"(03) 9305 7362";1;1;"PO Box 132";" ";"Craigieburn";"VIC";3064;;;;;;;;;;;;;;;;;;;;
;"Mr";"Gary";"Blackwood";"Parliamentary Secretary for Forestry and Fisheries; ";"gary.blackwood@parliament.vic.gov.au";"Narracan";"LIB";;;;1;0;"3/24 Mason Street";;"Warragul";"VIC";3820;"(03) 5623 1960";;"(03) 5623 4506";;;;" ";;;;;;;;;;;;;;;;;;;;;;;
;"Mr";"Colin";"Brooks";"Parliamentary Secretary to the Shadow Minister for Education; ";"colin.brooks@parliament.vic.gov.au";"Bundoora";"ALP";;"http://www.colinbrooks.com.au";;1;0;"595 Grimshaw Street";;"Bundoora";"VIC";3083;"(03) 9467 5657";;"(03) 9467 5921";1;1;"PO Box 79";" ";"Bundoora";"VIC";3083;;;;;;;;;;;;;;;;;;;;
;"Mr";"Tim";"Bull";;"tim.bull@parliament.vic.gov.au";"Gippsland East";"NAT";;"http://www.timbull.com.au";;1;0;"143 Main Street";;"Bairnsdale";"VIC";3875;"(03) 5152 3491";;"(03) 5152 2023";;;;" ";;;;;;;;;;;;;;;;;;;;;;;
;"Mr";"Neale";"Burgess";;"neale.burgess@parliament.vic.gov.au";"Hastings";"LIB";;;;1;0;"6 Eramosa Road East";;"Somerville";"VIC";3912;"(03) 5977 5600";;"(03) 5977 7263";1;1;"PO Box 909";" ";"Somerville";"VIC";3912;;;;;;;;;;;;;;;;;;;;
;"Ms";"Christine";"Campbell";;"christine.campbell@parliament.vic.gov.au";"Pascoe Vale";"ALP";;"http://www.christinecampbell.com.au";;1;0;"416a Bell Street";;"Pascoe Vale";"VIC";3044;"(03) 9354 9935";;"(03) 9354 3599";;;;" ";;;;;;;;;;;;;;;;;;;;;;;
;"Mr";"Anthony";"Carbines";"Parliamentary Secretary to the Shadow Ministers for Local Government and Suburbs; ";"anthony.carbines@parliament.vic.gov.au";"Ivanhoe";"ALP";;"http://www.anthonycarbines.org.au";;1;0;"Shop 14";"The Mall";"Heidelberg West";"VIC";3081;"(03) 9455 3017";;"(03) 9455 3027";1;1;"PO Box 314";" ";"Heidelberg West";"VIC";3081;;;;;;;;;;;;;;;;;;;;
;"Mr";"Robert";"Clark";"Attorney-General; Minister for Finance; ";"robert.clark@parliament.vic.gov.au";"Box Hill";"LIB";;"http://www.robertclark.net/";;1;0;"24 Rutland Road";;"Box Hill";"VIC";3128;"(03) 9898 6606";;"(03) 9890 7180";3;0;"Level 26";"121 Exhibition Street";"Melbourne";"VIC";3000;"(03) 8684 1101";;"(03) 8684 1100";;;;;;;;;;;;;;;;;
;"Mr";"Peter";"Crisp";"The Nationals Whip; ";"peter.crisp@parliament.vic.gov.au";"Mildura";"NAT";;"http://www.petercrisp.net.au";;1;0;"35 Deakin Avenue";;"Mildura";"VIC";3500;"(03) 5021 2828";;"(03) 5021 2978";1;1;"P.O Box 3225, Mildura, VIC, 3205";" ";;;;;;;;;;;;;;;;;;;;;;;
;"Ms";"Lily";"D'Ambrosio";"Shadow Minister for Consumer Protection; Shadow Minister for Energy; Shadow Minister for the Cost of Living; Shadow Minister for the Suburbs; ";"lily.d'ambrosio@parliament.vic.gov.au";"Mill Park";"ALP";;;;1;0;"6 May Road";;"Lalor";"VIC";3075;"(03) 9465 9033";;"(03) 9464 1650";;;;" ";;;;;;;;;;;;;;;;;;;;;;;
;"Mr";"Hugh";"Delahunty";"Minister for Sport and Recreation; Minister for Veterans' Affairs; ";"hugh.delahunty@parliament.vic.gov.au";"Lowan";"NAT";;;;1;0;"114 Firebrace Street";;"Horsham";"VIC";3400;"(03) 5382 0097";;"(03) 5381 1177";1;1;"44 Gray Street";;"Hamilton";"VIC";3300;"(03) 5571 9800";;"(03) 9096 8830";2;1;"PO Box 41";;"Horsham";"VIC";3402;"(03) 9096 3611";;;2;0;"Level 22";"50 Lonsdale Street";"Melbourne";"VIC";3000
;"Mr";"Martin";"Dixon";"Minister for Education; ";"martin.dixon@parliament.vic.gov.au";"Nepean";"LIB";;"http://www.martindixon.org";;1;0;"Shop 1, McCrae Plaza";"739 Point Nepean Road";"McCrae";"VIC";3938;"(03) 5986 6661";;"(03) 5981 1360";1;1;"P.O Box 250";;"McCrae";"VIC";3938;"(03) 9637 3196";;"(03) 9637 2680";;;;;;;;;;;;;;;;;
;"Mr";"Luke";"Donnellan";"Shadow Minister for Roads; Shadow Minister for Road Safety and the TAC; ";"luke.donnellan@parliament.vic.gov.au";"Narre Warren North";"ALP";;"http://www.lukedonnellan.com";;1;0;"Shop 91, Endeavour Hills Shopping Centre";"Cnr Heatherton Road & Matthew Flinders Avenue";"Endeavour Hills";"VIC";3802;"(03) 9706 0566";;"(03) 9706 0388";1;1;"PO Box 126";;"Endeavour Hills";"VIC";3802;;;;;;;;;;;;;;;;;;;;
;"Ms";"Jo";"Duncan";;"joanne.duncan@parliament.vic.gov.au";"Macedon";"ALP";;"http://www.joanneduncan.com.au/";;1;0;"Shop 14, Nexus Centre";"9 Goode Street";"Gisborne";"VIC";3437;"(03) 5428 2138";;"(03) 5428 2919";1;1;"PO Box 39";;"Gisborne";"VIC";3437;;;;;;;;;;;;;;;;;;;;
;"Ms";"Maree";"Edwards";;"maree.edwards@parliament.vic.gov.au";"Bendigo West";"ALP";;;;1;0;"8 Panton Street";;"Golden Square";"VIC";3555;"(03) 5444 4125";;"(03) 5441 8140";1;1;"PO Box 155";" ";"Golden Square";"VIC";3555;;;;;;;;;;;;;;;;;;;;
;"Mr";"John";"Eren";"Shadow Minister for Sport and Recreation; Shadow Minister for Volunteers; ";"john.eren@parliament.vic.gov.au";"Lara";"ALP";;;;1;0;"1st Floor, Corio Village Centre";"Bacchus Marsh Road";"Corio";"VIC";3214;"(03) 5275 3898";;"(03) 5275 3472";;;;" ";;;;;;;;;;;;;;;;;;;;;;;
;"Mr";"Martin";"Foley";"Parliamentary Secretary to the Shadow Ministers for Environment and Planning; ";"martin.foley@parliament.vic.gov.au";"Albert Park";"ALP";;"http://www.martinfoley.com.au";;1;0;"46 Rouse Street";;"Port Melbourne";"VIC";3207;"(03) 9646 7173";;"(03) 9646 8737";;;;" ";;;;;;;;;;;;;;;;;;;;;;;
;"Ms";"Christine";"Fyffe";"Deputy Speaker of the Legislative Assembly; ";"christine.fyffe@parliament.vic.gov.au";"Evelyn";"LIB";;"http://www.christinefyffe.com.au";;1;0;"143 Main Street";;"Lilydale";"VIC";3140;"(03) 9735 3208";;"(03) 9735 3697";;;;" ";;;;;;;;;;;;;;;;;;;;;;;
;"Ms";"Jane";"Garrett";"Parliamentary Secretary to the Shadow Minister for Police and Emergency Services; ";"jane.garrett@parliament.vic.gov.au";"Brunswick";"ALP";;;;1;0;"Suite 1";"31 Nicholson Street";"Brunswick East";"VIC";3057;"(03) 9384 1241";;"(03) 9384 0481";;;;" ";;;;;;;;;;;;;;;;;;;;;;;
;"Mr";"Michael";"Gidley";;"michael.gidley@parliament.vic.gov.au";"Mount Waverley";"LIB";;"http://www.michaelgidley.com.au";;1;0;"Suite 1";"40 Montclair Avenue";"Glen Waverley";"VIC";3150;"(03) 9561 0511";;"(03) 9561 5266";;;;" ";;;;;;;;;;;;;;;;;;;;;;;
;"Ms";"Judith";"Graley";"Parliamentary Secretary to the Leader of the Opposition; ";"judith.graley@parliament.vic.gov.au";"Narre Warren South";"ALP";;;;1;0;"Suite 4";"418 Princes Highway";"Narre Warren";"VIC";3805;"(03) 9704 6055";;"(03) 9704 7966";1;1;"PO Box 4180";" ";"Narre Warren South";"VIC";3805;;;;;;;;;;;;;;;;;;;;
;"Ms";"Danielle";"Green";"Shadow Minister for Child Safety; Shadow Minister for Disability Services; Shadow Minister for Health Promotion; Shadow Minister for Women; ";"danielle.green@parliament.vic.gov.au";"Yan Yean";"ALP";;"http://daniellegreen.org.au";;1;0;"Suite 3";"14 Yan Yean Road";"Diamond Creek";"VIC";3089;"(03) 9432 9782";;"(03) 9432 9793";1;1;"PO Box 376";" ";"Diamond Creek";"VIC";3089;;;;;;;;;;;;;;;;;;;;
;"Ms";"Bronwyn";"Halfpenny";;"bronwyn.halfpenny@parliament.vic.gov.au";"Thomastown";"ALP";;;;1;0;"274 High Street";;"Thomastown";"VIC";3074;"(03) 9465 7533";;"(03) 9465 3656";1;1;"PO Box 219";" ";"Thomastown";"VIC";3074;;;;;;;;;;;;;;;;;;;;
;"Mr";"Joe";"Helper";;"joe.helper@parliament.vic.gov.au";"Ripon";"ALP";;;;1;0;"177 High Street";;"Maryborough";"VIC";3465;"(03) 5461 1255";;"(03) 5461 1631";1;1;"PO Box 175";" ";"Maryborough";"VIC";3465;;;;;;;;;;;;;;;;;;;;
;"Ms";"Jill";"Hennessy";"Shadow Minister for Corrections; Shadow Minister for Crime Prevention; Shadow Minister for the Anti-corruption Commission; Shadow Minister for Women; ";"jill.hennessy@parliament.vic.gov.au";"Altona";"ALP";;"http://www.jillhennessy.com.au";;1;0;"Suite 603, Level 1, 2 Main Street";"Point Cook Town Centre";"Point Cook";"VIC";3030;"(03) 9395 0221";;"(03) 9395 3061";1;1;"PO Box 6519";" Point Cook Town Centre";"Point Cook";"VIC";3030;;;;;;;;;;;;;;;;;;;;
;"Mr";"Steve";"Herbert";"Shadow Minister for Higher Education; Shadow Minister for Skills and Apprenticeships; Shadow Minister for the Teaching Profession; ";"steven.herbert@parliament.vic.gov.au";"Eltham";"ALP";;"http://www.steveherbertmp.com.au";;1;0;"718 Main Road";;"Eltham";"VIC";3095;"(03) 9439 1500";;"(03) 9431 0505";;;;" ";;;;;;;;;;;;;;;;;;;;;;;
;"Mr";"David";"Hodgett";"Cabinet Secretary; Government Whip; ";"david.hodgett@parliament.vic.gov.au";"Kilsyth";"LIB";;"http://www.davidhodgett.com.au";;1;0;"60 Main Street";;"Croydon";"VIC";3136;"(03) 9725 3570";;"(03) 9725 2907";3;0;"Level 1";"1 Treasury Place";"Melbourne";"VIC";3000;"(03) 9092 9704";;"(03) 9651 0122";;;;;;;;;;;;;;;;;
;"Mr";"Tim";"Holding";"Shadow Treasurer; Shadow Minister for Industry; ";"timothy.holding@parliament.vic.gov.au";"Lyndhurst";"ALP";;"http://www.timholding.com.au";;1;0;"Suite 3";"387-389 Springvale Road";"Springvale";"VIC";3171;"(03) 9547 6262";;"(03) 9547 2416";;;;" ";;;;;;;;;;;;;;;;;;;;;;;
;"Mr";"Geoff";"Howard";;"geoff.howard@parliament.vic.gov.au";"Ballarat East";"ALP";;"http://home.vicnet.net.au/~ghoward/";;1;0;"15 Main Road";;"Ballarat";"VIC";3350;"(03) 5331 7722";;"(03) 5332 8487";;;;" ";;;;;;;;;;;;;;;;;;;;;;;
;"Ms";"Natalie";"Hutchins";"Parliamentary Secretary to the Shadow Minister for Public Transport; ";"natalie.hutchins@parliament.vic.gov.au";"Keilor";"ALP";;"http://www.nataliehutchins.com.au/";;1;0;"Shop 11, Aquagardens Shopping Centre";"28A Hume Drive";"Sydenham";"VIC";3037;"(03) 9449 1511";;"(03) 9449 1922";;;;" ";;;;;;;;;;;;;;;;;;;;;;;
;"Ms";"Marlene";"Kairouz";"Opposition Whip; ";"marlene.kairouz@parliament.vic.gov.au";"Kororoit";"ALP";;;;1;0;"Shop T54, Brimbank Shopping Centre";"Cnr Neale and Station Roads";"Deer Park";"VIC";3023;"(03) 8361 7133";;"(03) 8361 7166";;;;" ";;;;;;;;;;;;;;;;;;;;;;;
;"Mr";"Andrew";"Katos";;"andrew.katos@parliament.vic.gov.au";"South Barwon";"LIB";;;;1;0;"152 High Street";;"Belmont";"VIC";3216;"(03) 5244 2288";;"(03) 5244 2327";;;;" ";;;;;;;;;;;;;;;;;;;;;;;
;"Ms";"Sharon";"Knight";;"sharon.knight@parliament.vic.gov.au";"Ballarat West";"ALP";;;;1;0;"Ground Floor";"17 Lydiard Street North";"Ballarat";"VIC";3350;"(03) 5331 1003";;"(03) 5331 5165";;;;" ";;;;;;;;;;;;;;;;;;;;;;;
;"Mr";"Nicholas";"Kotsiras";"Minister for Multicultural Affairs and Citizenship; ";"nicholas.kotsiras@parliament.vic.gov.au";"Bulleen";"LIB";;;;1;0;"Shop 30D, Bulleen Plaza";"101 Manningham Road";"Bulleen";"VIC";3105;"(03) 9850 7983";;"(03) 9852 0059";3;0;"Level 2";"3 Treasury Place";"Melbourne";"VIC";3000;"(03) 9651 1156";;"(03) 9651 2007";;;;;;;;;;;;;;;;;
;"Mr";"Telmo";"Languiller";;"telmo.languiller@parliament.vic.gov.au";"Derrimut";"ALP";;;;1;0;"103 Glengala Road";;"Sunshine West";"VIC";3020;"(03) 9311 7886";;"(03) 9364 9126";1;1;"PO Box 1046";" Glengala Road";"Sunshine West";"VIC";3020;;;;;;;;;;;;;;;;;;;;
;"Mr";"Hong";"Lim";;"hong.lim@parliament.vic.gov.au";"Clayton";"ALP";;"http://www.honglimmp.com";;1;0;"Level 1";"1312 Centre Road";"Clayton South";"VIC";3169;"(03) 9543 6081";;"(03) 9562 8872";;;;" ";;;;;;;;;;;;;;;;;;;;;;;
;"Mr";"Justin";"Madden";"Shadow Minister for Innovation; Shadow Minister for Small Business; Shadow Minister for Tourism and Major Events; ";"justin.madden@parliament.vic.gov.au";"Essendon";"ALP";;;;1;0;"Suite 1";"28 Shuter Street";"Moonee Ponds";"VIC";3039;"(03) 9370 7777";;"(03) 9326 0483";1;1;"PO Box 699";" ";"Moonee Ponds";"VIC";3039;;;;;;;;;;;;;;;;;;;;
;"Mr";"Tim";"McCurdy";;"tim.mccurdy@parliament.vic.gov.au";"Murray Valley";"NAT";;"http://www.timmcurdy.com.au";;1;0;"15 Murphy Street";;"Wangaratta";"VIC";3677;"(03) 5721 6155";;"(03) 5721 2198";;;;" ";;;;;;;;;;;;;;;;;;;;;;;
;"Mr";"Frank";"McGuire";"Parliamentary Secretary, Opposition Scrutiny of Government; ";"frank.mcguire@parliament.vic.gov.au";"Broadmeadows";"ALP";;;;1;0;"145A Wheatsheaf Road";;"Glenroy";"VIC";3046;"(03) 9300 3851";;"(03) 9300 3915";;;;" ";;;;;;;;;;;;;;;;;;;;;;;
;"Mr";"Andrew";"McIntosh";"Minister for Corrections; Minister for Crime Prevention; Minister responsible for the establishment of an anti-corruption commission; ";"andrew.mcintosh@parliament.vic.gov.au";"Kew";"LIB";;"http://www.andrewmcintoshmp.com";;1;0;"Suite 1";"400 High Street";"Kew";"VIC";3101;"(03) 9853 2999";;"(03) 9853 1299";3;0;"Level 26";"121 Exhibition Street";"Melbourne";"VIC";3000;"(03) 8684 0900";;"(03) 8684 0980";;;;;;;;;;;;;;;;;
;"Ms";"Cindy";"McLeish";;"cindy.mcleish@parliament.vic.gov.au";"Seymour";"LIB";;;;1;0;"Shop 5";"30 Wallis Street";"Seymour";"VIC";3660;"(03) 5799 2760";;"(03) 5799 0488";1;1;"PO Box 575";" ";"Seymour";"VIC";3660;;;;;;;;;;;;;;;;;;;;
;"Mr";"James";"Merlino";"Deputy Leader of the Labor Party; Deputy Leader of the Opposition; Shadow Minister for Education; ";"james.merlino@parliament.vic.gov.au";"Monbulk";"ALP";;"http://www.jamesmerlino.com.au";;1;0;"1635 Burwood Hwy";;"Belgrave";"VIC";3160;"(03) 9754 5401";;"(03) 9754 5427";;;;" ";;;;;;;;;;;;;;;;;;;;;;;
;"Ms";"Elizabeth";"Miller";;"elizabeth.miller@parliament.vic.gov.au";"Bentleigh";"LIB";;"http://www.elizabethmiller.com.au";;1;0;"723 Centre Road";;"Bentleigh East";"VIC";3165;"(03) 9557 6661";;"(03) 9557 8646";;;;" ";;;;;;;;;;;;;;;;;;;;;;;
;"Mr";"David";"Morris";"Parliamentary Secretary for Local Government; ";"david.morris@parliament.vic.gov.au";"Mornington";"LIB";;"http://www.davidmorris.org.au";;1;0;"Shop 1";"321 Main Street";"Mornington";"VIC";3931;"(03) 5975 4799";;"(03) 5975 5175";;;;" ";;;;;;;;;;;;;;;;;;;;;;;
;"Mr";"Terry";"Mulder";"Minister for Public Transport; Minister for Roads; ";"terence.mulder@parliament.vic.gov.au";"Polwarth";"LIB";;"http://www.terrymulder.com.au";;1;0;"115A Bromfield Street";;"Colac";"VIC";3250;"(03) 5231 5046";;"(03) 5231 5209";3;0;"Level 16";"121 Exhibition Street";"Melbourne";"VIC";3000;"(03) 9095 4330";;"(03) 9095 4483";;;;;;;;;;;;;;;;;
;"Dr";"Denis";"Napthine";"Minister for Ports; Minister for Major Projects; Minister for Regional Cities; Minister for Racing; ";"denis.napthine@parliament.vic.gov.au";"South-West Coast";"LIB";;"http://www.denisnapthine.com.au";;1;0;"94 Liebig Street";;"Warrnambool";"VIC";3280;"(03) 5562 8230";;"(03) 5562 6145";1;1;"PO Box 5075";;"Warrnambool";"VIC";3280;"(03) 9095 4170";;"(03) 9095 4483";3;0;"Level 16";"121 Exhibition Street";"Melbourne";"VIC";3000;;;;;;;;;;
;"Mr";"Don";"Nardella";"Parliamentary Secretary to the Leader of the Opposition; ";"don.nardella@parliament.vic.gov.au";"Melton";"ALP";;;;1;0;"3 Alexandra Street";;"Melton";"VIC";3337;"(03) 9743 9825";;"(03) 9743 1634";;;;" ";;;;;;;;;;;;;;;;;;;;;;;
;"Ms";"Lisa";"Neville";"Shadow Minister for Environment and Climate Change; Shadow Minister for the Arts; ";"lisa.neville@parliament.vic.gov.au";"Bellarine";"ALP";;;;1;0;"Shop 1, Newcomb Central";"71 Bellarine Highway";"Newcomb";"VIC";3219;"(03) 5248 3462";;"(03) 5248 5294";;;;" ";;;;;;;;;;;;;;;;;;;;;;;
;"Mr";"Clem";"Newton-Brown";;"clem.newton-brown@parliament.vic.gov.au";"Prahran";"LIB";;;;1;0;"94 Chapel Street";;"Windsor";"VIC";3181;"(03) 9981 9501";;"(03) 9981 9502";;;;" ";;;;;;;;;;;;;;;;;;;;;;;
;"Mr";"Wade";"Noonan";"Parliamentary Secretary to the Shadow Minister for Health; ";"wade.noonan@parliament.vic.gov.au";"Williamstown";"ALP";;"http://www.wadenoonan.com.au";;1;0;"101 Douglas Parade";;"Williamstown";"VIC";3016;"(03) 9399 9022";;"(03) 9397 7227";1;1;"PO Box 524";" ";"Williamstown";"VIC";3016;;;;;;;;;;;;;;;;;;;;
;"Mr";"Russell";"Northe";"Parliamentary Secretary for Small Business; ";"russell.northe@parliament.vic.gov.au";"Morwell";"NAT";;"http://www.russellnorthe.com.au";;1;0;"66 George Street";;"Morwell";"VIC";3840;"(03) 5133 9088";;"(03) 5133 9388";1;1;"PO Box 214";" ";"Morwell";"VIC";3840;;;;;;;;;;;;;;;;;;;;
;"Mr";"Michael";"O'Brien";"Minister for Gaming; Minister for Consumer Affairs; Minister for Energy and Resources; ";"michael.o'brien@parliament.vic.gov.au";"Malvern";"LIB";;"http://www.michaelobrien.com.au";;1;0;"313-315 Waverley Road";;"Malvern East";"VIC";3145;"(03) 9576 1850";;"(03) 9576 1849";3;0;"Level 22";"1 Spring Street";"Melbourne";"VIC";3000;"(03) 9938 5963";;"(03) 9938 5962";;;;;;;;;;;;;;;;;
;"Mr";"Tim";"Pallas";"Shadow Minister for Employment; Shadow Minister for Industrial Relations; Shadow Minister for Ports; Shadow Minister for Major Projects and Infrastructure; ";"tim.pallas@parliament.vic.gov.au";"Tarneit";"ALP";;;;1;0;"36 Station Place";;"Werribee";"VIC";3030;"(03) 9742 6888";;"(03) 9742 6866";;;;" ";;;;;;;;;;;;;;;;;;;;;;;
;"Mr";"John";"Pandazopoulos";;"john.pandazopoulos@parliament.vic.gov.au";"Dandenong";"ALP";;;;1;0;"Suite 5";"50 Robinson Street";"Dandenong";"VIC";3175;"(03) 9793 2000";;"(03) 9793 2134";;;;" ";;;;;;;;;;;;;;;;;;;;;;;
;"Mr";"Jude";"Perera";"Parliamentary Secretary to the Shadow Minister for Multicultural Affairs; ";"jude.perera@parliament.vic.gov.au";"Cranbourne";"ALP";;"http://www.judeperera.com";;1;0;"157A Sladen Street";;"Cranbourne";"VIC";3977;"(03) 5996 2901";;"(03) 5996 7494";1;1;"PO Box 5433";" ";"Cranbourne";"VIC";3977;;;;;;;;;;;;;;;;;;;;
;"Ms";"Bronwyn";"Pike";;"bronwyn.pike@parliament.vic.gov.au";"Melbourne";"ALP";;"http://www.bronwynpike.com";;1;0;"146-148 Peel Street";;"North Melbourne";"VIC";3051;"(03) 9328 4637";;"(03) 9326 8747";1;1;"P.O Box 267";;"North Melbourne";"VIC";3051;;;;;;;;;;;;;;;;;;;;
;"Ms";"Jeanette";"Powell";"Minister for Local Government; Minister for Aboriginal Affairs; ";"jeanette.powell@parliament.vic.gov.au";"Shepparton";"NAT";;"http://www.jeanettepowell.com.au";;1;0;"5 Vaughan Street";;"Shepparton";"VIC";3630;"(03) 5831 6944";;"(03) 5831 6836";3;0;"Level 17";"8 Nicholson Street";"East Melbourne";"VIC";3002;"(03) 9637 8938";;"(03) 9637 8920";;;;;;;;;;;;;;;;;
;"Ms";"Fiona";"Richardson";"Shadow Minister for Public Transport; ";"fiona.richardson@parliament.vic.gov.au";"Northcote";"ALP";;;;1;0;"404 High Street";;"Northcote";"VIC";3070;"(03) 9481 5777";;"(03) 9482 1613";;;;" ";;;;;;;;;;;;;;;;;;;;;;;
;"Ms";"Dee";"Ryall";;"dee.ryall@parliament.vic.gov.au";"Mitcham";"LIB";;"http://www.DeeRyall.com.au";;1;0;"Suite 1";"10-12 Blackburn Road";"Blackburn";"VIC";3130;"(03) 9878 4113";;"(03) 9878 9135";1;1;"PO Box 428";" ";"Blackburn";"VIC";3130;;;;;;;;;;;;;;;;;;;;
;"Mr";"Peter";"Ryan";"Deputy Premier; Leader of the Nationals; Minister for Police and Emergency Services; Minister for Bushfire Response; Minister for Regional and Rural Development; ";"peter.ryan@parliament.vic.gov.au";"Gippsland South";"NAT";;"http://www.peterryan.com.au/";;1;0;"54B Cunninghame Street";;"Sale";"VIC";3850;"(03) 5144 1987";;"(03) 5144 7086";1;1;"PO Box 145";;"Sale";"VIC";3850;"(03) 9651 1222";;"(03) 9651 1188";3;0;"Level 3";"1 Treasury Place";"Melbourne";"VIC";3002;;;;;;;;;;
;"Mr";"Robin";"Scott";"Shadow Minister for Finance; Shadow Minister for WorkCover; ";"robin.scott@parliament.vic.gov.au";"Preston";"ALP";;;;1;0;"375 High Street";;"Preston";"VIC";3072;"(03) 9478 5611";;"(03) 9470 2323";1;1;"PO Box 166";" ";"Preston";"VIC";3072;;;;;;;;;;;;;;;;;;;;
;"Mr";"Geoff";"Shaw";;"geoff.shaw@parliament.vic.gov.au";"Frankston";"LIB";;"http://www.geoffshaw.com.au";;1;0;"140 Young Street";;"Frankston";"VIC";3199;"(03) 9783 9822";;"(03) 9783 5930";;;;" ";;;;;;;;;;;;;;;;;;;;;;;
;"Mr";"Ken";"Smith";"Speaker of the Legislative Assembly; ";"ken.smith@parliament.vic.gov.au";"Bass";"LIB";;;;1;0;"26 McBride Avenue";;"Wonthaggi";"VIC";3995;"(03) 5672 4755";;"(03) 5672 4772";1;1;"PO Box 448";" ";"Wonthaggi";"VIC";3995;;;;;;;;;;;;;;;;;;;;
;"Mr";"Ryan";"Smith";"Minister for Environment and Climate Change; Minister for Youth Affairs; ";"ryan.smith@parliament.vic.gov.au";"Warrandyte";"LIB";;;;1;0;"44 New Street";;"Ringwood";"VIC";3134;"(03) 9870 7396";;"(03) 9870 9518";3;0;"Level 17";"8 Nicholson Street";"Melbourne";"VIC";3002;"(03) 9637 8890";;"(03) 9637 8880";;;;;;;;;;;;;;;;;
;"Mr";"David";"Southwick";;"david.southwick@parliament.vic.gov.au";"Caulfield";"LIB";;"http://www.davidsouthwick.com.au";;1;0;"Suite 1";"193 Balaclava Road";"Caulfield North";"VIC";3161;"(03) 9527 3866";;"(03) 9527 5144";;;;" ";;;;;;;;;;;;;;;;;;;;;;;
;"Dr";"Bill";"Sykes";"Parliamentary Secretary for Primary Industries; ";"bill.sykes@parliament.vic.gov.au";"Benalla";"NAT";;"http://billsykes.com.au";;1;0;"Shop 2";"55 Carrier Street";"Benalla";"VIC";3672;"(03) 5762 2100";;"(03) 5762 4478";;;;" ";;;;;;;;;;;;;;;;;;;;;;;
;"Mr";"Murray";"Thompson";;"murray.thompson@parliament.vic.gov.au";"Sandringham";"LIB";;"http://www.murraythompson.com.au";;1;0;"Suite 3";"56-60 Bay Road";"Sandringham";"VIC";3191;"(03) 9598 2688";;"(03) 9598 5624";1;1;"PO Box 139";" ";"Sandringham";"VIC";3191;;;;;;;;;;;;;;;;;;;;
;"Ms";"Marsha";"Thomson";;"marsha.thomson@parliament.vic.gov.au";"Footscray";"ALP";;;;1;0;"204 Nicholson Street";;"Footscray";"VIC";3011;"(03) 9689 4283";;"(03) 9689 5979";;;;" ";;;;;;;;;;;;;;;;;;;;;;;
;"Mr";"Bill";"Tilley";;"bill.tilley@parliament.vic.gov.au";"Benambra";"LIB";;"http://www.billtilley.com.au";;1;0;"14 Stanley Street";;"Wodonga";"VIC";3690;"(02) 6024 4488";;"(02) 6056 1172";1;1;"Po Box 1719";" ";"Wodonga";"VIC";3689;;;;;;;;;;;;;;;;;;;;
;"Mr";"Ian";"Trezise";;"ian.trezise@parliament.vic.gov.au";"Geelong";"ALP";;;;1;0;"69A Pakington Street";;"Geelong West";"VIC";3218;"(03) 5221 3131";;"(03) 5223 2185";;;;" ";;;;;;;;;;;;;;;;;;;;;;;
;"Mrs";"Heidi";"Victoria";"Parliamentary Secretary to the Premier; Parliamentary Secretary Assisting the Premier with the Arts; ";"heidi.victoria@parliament.vic.gov.au";"Bayswater";"LIB";;"http://www.heidivictoria.com.au";;1;0;"2/40 Station Street";;"Bayswater";"VIC";3153;"(03) 9729 1622";;"(03) 9729 0912";;;;" ";;;;;;;;;;;;;;;;;;;;;;;
;"Mr";"Nick";"Wakeling";"Parliamentary Secretary for Health; ";"nick.wakeling@parliament.vic.gov.au";"Ferntree Gully";"LIB";;"http://www.nickwakeling.org.au";;1;0;"Unit 4";"91 Dorset Road";"Ferntree Gully";"VIC";3156;"(03) 9758 6011";;"(03) 9758 8053";1;1;"PO Box 551";" ";"Ferntree Gully";"VIC";3156;;;;;;;;;;;;;;;;;;;;
;"Mr";"Peter";"Walsh";"Deputy Leader of The Nationals; Minister for Agriculture and Food Security; Minister for Water; ";"peter.walsh@parliament.vic.gov.au";"Swan Hill";"NAT";;"http://www.peterwalsh.org.au";;1;0;"274 Campbell Street";;"Swan Hill";"VIC";3585;"(03) 5032 3154";;"(03) 5032 9483";3;0;"Level 20";"1 Spring Street";"Melbourne";"VIC";3000;"(03) 9938 5954";;"(03) 9658 4191";;;;;;;;;;;;;;;;;
;"Mr";"Graham";"Watt";;"graham.watt@parliament.vic.gov.au";"Burwood";"LIB";;"http://www.grahamwatt.com.au";;1;0;"1342 Toorak Road";;"Camberwell";"VIC";3124;"(03) 9809 1857";;"(03) 9809 0846";1;1;"PO Box 409";" ";"Burwood";"VIC";3125;;;;;;;;;;;;;;;;;;;;
;"Mr";"Paul";"Weller";;"paul.weller@parliament.vic.gov.au";"Rodney";"NAT";;"http://www.paulweller.com.au/";;1;0;"26 Percy Street";;"Echuca";"VIC";3564;"(03) 5482 2039";;"(03) 5482 3507";;;;" ";;;;;;;;;;;;;;;;;;;;;;;
;"Mr";"Kim";"Wells";"Treasurer; ";"kim.wells@parliament.vic.gov.au";"Scoresby";"LIB";;;;1;0;"9 Lynton Place";;"Scoresby";"VIC";3179;"(03) 9764 8988";;"(03) 9763 9816";1;1;"PO Box 4255";;"Knox City Centre";"VIC";3152;"(03) 9651 6255";;"(03) 9651 0759";3;0;"1 Treasury Place";;"Melbourne";"VIC";3002;;;;;;;;;;
;"Ms";"Mary";"Wooldridge";"Minister for Mental Health; Minister for Women's Affairs; Minister for Community Services; ";"mary.wooldridge@parliament.vic.gov.au";"Doncaster";"LIB";;"http://www.marywooldridge.com";;1;0;"Suite 2";"1020 Doncaster Road";"Doncaster East";"VIC";3109;"(03) 9841 5166";;"(03) 9841 5299";3;0;"Level 22";"50 Lonsdale Street";"Melbourne";"VIC";3000;"(03) 9096 7500";;"(03) 9096 3636";;;;;;;;;;;;;;;;;
;"Ms";"Lorraine";"Wreford";;"lorraine.wreford@parliament.vic.gov.au";"Mordialloc";"LIB";;"http://www.lorrainewreford.com.au";;1;0;"Suite 1";"1174 Nepean Highway";"Cheltenham";"VIC";3192;"(03) 9584 4013";;"(03) 9585 0046";1;1;"PO Box 233";" ";"Southland Centre";"VIC";3192;;;;;;;;;;;;;;;;;;;;
;"Mr";"Richard";"Wynne";"Shadow Minister for Housing; Shadow Minister for Local Government; Shadow Minister for Aboriginal Affairs and Closing the Gap; Shadow Minister for A Fairer Victoria; ";"richard.wynne@parliament.vic.gov.au";"Richmond";"ALP";;"http://www.richardwynne.net";;1;0;"112 Smith Street";;"Collingwood";"VIC";3066;"(03) 9415 8901";;"(03) 9415 8918";1;1;"PO Box 1474";" ";"Collingwood";"VIC";3066;;;;;;;;;;;;;;;;;;;;
