"Id";"Title";"First Name";"Second Name";"Job";"Email";"Alternative Email";"Electorate";"Party";"Portfolios";"Website";"Twitter";"Address Type";"Postal";"Address 1";"Address 2";"Suburb";"State";"Pcode";"Phone";"Tollfree";"Fax";"Address Type";"Postal";"Address 1";"Address 2";"Suburb";"State";"Pcode";"Phone";"Tollfree";"Fax";"Address Type";"Postal";"Address 1";"Address 2";"Suburb";"State";"Pcode";"Phone";"Tollfree";"Fax";;;;;;;
;"Mr";"Ken";"Baston";"Government Whip";;;"Mining and Pastoral";"LIB";;;;1;1;"PO Box 1452";;"Broome";"WA";6725;;;;1;0;"Unit 8";"20 Hamersley Street";"Broome";"WA";6725;;;;3;0;"Parliament House";;"Perth";"WA";6000;;;;;;;;;;
;"Ms";"Liz";"Behjat";;;;"North Metropolitan";"LIB";;;;1;1;"PO Box 874";;"Innaloo";"WA";6018;;;;1;0;"Suite 1";"43 Cedric Street";"Stirling";"WA";6021;;;;3;0;"Parliament House";;"Perth";"WA";6001;;;;;;;;;;
;"Mr";"Matt";"Benson-Lidholm";"Chairman of Committees";;;"Agricultural";"ALP";;;;1;1;"PO Box 295";;"West perth";"WA";6872;;;;1;0;"Office I";"1139 Hay Street";"West perth";"WA";6005;;;;3;0;"Parliament House";;"Perth";"WA";6002;;;;;;;;;;
;"Ms";"Helen";"Bullock";;;;"Mining and Pastoral";"ALP";;;;1;1;"PO Box 10359";;"Kalgoorlie";"WA";6433;;;;1;0;"Suite 8";"Anderson House";"Kalgoorlie";"WA";6430;;;;3;0;"Parliament House";;"Perth";"WA";6003;;;;;;;;;;
;"Mr";"Robin";"Chapple";;;;"Mining and Pastoral";"GWA";;;;1;1;"PO Box 94";;"West perth";"WA";6872;;;;1;0;"41 Havelock Street";;"West perth";"WA";6005;;;;3;0;"Parliament House";;"Perth";"WA";6004;;;;;;;;;;
;"Mr";"Jim";"Chown";;;;"Agricultural";"LIB";;;;1;0;"5 Harvest Terrace";;"West perth";"WA";6005;;;;;;;;;;;;;;3;0;"Parliament House";;"Perth";"WA";6005;;;;;;;;;;
;"Mr";"Peter";"Collier";"Minister for Energy; Training and Workforce Development; Indigenous Affairs";;;"North Metropolitan";"LIB";;;;1;1;"PO Box 2606";;"Warwick";"WA";6024;;;;1;0;"Shop 23, Centro Warwick";"Cnr Beach Road & Erindale Road";"Warwick";"WA";6024;;;;3;0;"Parliament House";;"Perth";"WA";6006;;;;4;0;"11th Floor, Dumas House";"2 Havelock Street";"West Perth";"WA";6005
;"Ms";"Mia";"Davies";;;;"Agricultural";"NPA";;;;1;0;"Level 1";"8 Parliament Place";"West perth";"WA";6005;;;;;;;;;;;;;;3;0;"Parliament House";;"Perth";"WA";6007;;;;;;;;;;
;"Mr";"Ed";"Dermer";"Opposition Whip";;;"North Metropolitan";"ALP";;;;1;0;"82 Collier Avenue (Cnr Amelia Street)";;"Balcatta";"WA";6021;;;;;;;;;;;;;;3;0;"Parliament House";;"Perth";"WA";6008;;;;;;;;;;
;"Ms";"Kate";"Doust";"Deputy Leader of the Opposition in the Legislative Council";;;"South Metropolitan";"ALP";;;;1;1;"PO Box 577";;"Victoria Park";"WA";6979;;;;1;0;"399 Albany Highway";;"Victoria Park";"WA";6100;;;;3;0;"Parliament House";;"Perth";"WA";6009;;;;;;;;;;
;"Ms";"Wendy";"Duncan";"Parliamentary Secretary to the Minister for Regional Development; Lands; Minister Assisting the Minister for State Development (with respect to Regional Development; Lands only) ";;;"Mining and Pastoral";"NPA";;;;1;1;"PO Box 2470";;"Esperance";"WA";6450;;;;1;0;"Dutton Arcade";"Cnr Andrew and Dempster Streets";"Esperance";"WA";6450;;;;3;0;"Parliament House";;"Perth";"WA";6010;;;;;;;;;;
;"Mr";"Phil";"Edman";;;;"South Metropolitan";"LIB";;;;1;1;"PO Box 7029";;"Safety Bay";"WA";6169;;;;1;0;"Unit 3, 1st Floor";"18 Civic Boulevard";"Rockingham";"WA";6168;;;;3;0;"Parliament House";;"Perth";"WA";6011;;;;;;;;;;
;"Ms";"Sue";"Ellery";"Leader of the Opposition in the Legislative Council";;;"South Metropolitan";"ALP";;;;1;0;"Shop 20, Southlands Boulevard Shopping Centre";"Cnr Burrendah Boulevard and Pine Tree Gully Road";"Willetton";"WA";6155;;;;;;;;;;;;;;3;0;"Parliament House";;"Perth";"WA";6012;;;;;;;;;;
;"Mr";"Brian";"Ellis";;;;"Agricultural";"LIB";;;;1;1;"PO Box 231";;"Geraldton";"WA";6531;;;;1;0;"Unit 1, Druids Hall";"Corner Durlacher and Sanford Streets";"Geraldton";"WA";6531;;;;3;0;"Parliament House";;"Perth";"WA";6013;;;;;;;;;;
;"Ms";"Donna";"Faragher";"Parliamentary Secretary to the Premier; Minister for State Development (with respect to the Premier only)";;;"East Metropolitan";"LIB";;;;1;0;"Ground Floor";"108 Swan Street";"Guildford";"WA";6055;;;;;;;;;;;;;;3;0;"Parliament House";;"Perth";"WA";6014;;;;;;;;;;
;"Ms";"Adele";"Farina";;;;"South West";"ALP";;;;1;1;"PO Box 381";;"Bunbury";"WA";6231;;;;1;0;"Unit 3";"69 Duchess Street";"Busselton";"WA";6280;;;;3;0;"Parliament House";;"Perth";"WA";6015;;;;;;;;;;
;"Mr";"Jon";"Ford";;;;"Mining and Pastoral";"ALP";;;;1;1;"PO Box 1827";;"Karratha";"WA";6753;;;;1;0;"No. 8, Shop 4, Hilditch Shopping Centre";"Hilditch Avenue";"Newman";"WA";6753;;;;3;0;"Parliament House";;"Perth";"WA";6016;;;;;;;;;;
;"Mr";"Philip";"Gardiner";;;;"Agricultural";"NPA";;;;1;1;"PO Box 392";;"Moora";"WA";6510;;;;1;0;"Unit 2";"68 Padbury Street";"Moora";"WA";6510;;;;3;0;"Parliament House";;"Perth";"WA";6017;;;;;;;;;;
;"Mr";"Nick";"Goiran";;;;"South Metropolitan";"LIB";;;;1;0;"Unit 2";"714 Ranford Road";"Southern River";"WA";6110;;;;;;;;;;;;;;3;0;"Parliament House";;"Perth";"WA";6018;;;;;;;;;;
;"Mr";"Nigel";"Hallett";;;;"South West";"LIB";;;;1;1;"PO Box 1238";;"Bunbury";"WA";6231;;;;1;0;"Unit 2";"10 Victoria Street";"Bunbury";"WA";6230;;;;3;0;"Parliament House";;"Perth";"WA";6019;;;;;;;;;;
;"Ms";"Alyssa";"Hayden";;;;"East Metropolitan";"LIB";;;;1;0;"34/6 Keane Street";;"Midland";"WA";6056;;;;;;;;;;;;;;3;0;"Parliament House";;"Perth";"WA";6020;;;;;;;;;;
;"Mr";"Col";"Holt";;;;"South West";"NPA";;;;1;1;"PO Box 5250";;"Albany";"WA";6332;;;;1;0;"12A, The Link Shopping Centre";"Aberdeen Street";"Albany";"WA";6330;;;;3;0;"Parliament House";;"Perth";"WA";6021;;;;;;;;;;
;"Mr";"Barry";"House";"President of the Legislative Council";;;"South West";"LIB";;;;1;0;"Shop 6, Wooditchup Centre";"157 Bussell Highway";"Margaret River";"WA";6285;;;;;;;;;;;;;;3;0;"Parliament House";;"Perth";"WA";6022;;;;;;;;;;
;"Ms";"Lynn";"MacLaren";;;;"South Metropolitan";"GWA";;;;1;0;"7/142 South Terrace";;"Fremantle";"WA";6160;;;;;;;;;;;;;;3;0;"Parliament House";;"Perth";"WA";6023;;;;;;;;;;
;"Mrs";"Robyn";"McSweeney";"Minister for Child Protection; Community Services; Seniors and Volunteering; Women's Interests; Youth";;;"South West";"LIB";;;;1;0;"Unit 12c, The Link Shopping Centre";"Cnr St Emilie Way and Aberdeen Street";"Albany";"WA";6330;;;;;;;;;;;;;;3;0;"Parliament House";;"Perth";"WA";6024;;;;4;0;"10th Floor, London House";"216 St Georges Terrace";"Perth";"WA";6000
;"Mr";"Michael";"Mischin";"Parliamentary Secretary to the Treasurer; Attorney General (with respect to the Attorney General only)";;;"North Metropolitan";"LIB";;;;1;1;"PO Box 3044";;"Joondalup";"WA";6027;;;;1;0;"Unit 2";"5 Davidson Terrace";"Joondalup";"WA";6027;;;;3;0;"Parliament House";;"Perth";"WA";6025;;;;;;;;;;
;"Mr";"Norman";"Moore";"Minister for Mines and Petroleum: Fisheries; Electoral Affairs; Leader of the Government in the Legislative Council";;;"Mining and Pastoral";"LIB";;;;3;0;"Parliament House";;"Perth";"WA";6000;;;;;;;;;;;;;;3;0;"Parliament House";;"Perth";"WA";6026;;;;4;0;"4th Floor, London House";"216 St Georges Terrace";"Perth";"WA";6000
;"Mrs";"Helen";"Morton";"Minister for Mental Health; Disability Services";;;"East Metropolitan";"LIB";;;;1;0;"Unit 2 201-205 Burslem Drive";;"Maddington";"WA";6109;;;;;;;;;;;;;;3;0;"Parliament House";;"Perth";"WA";6027;;;;;;;;;;
;"Mr";"Simon";"O'Brien";"Minister for Finance; Commerce; Small Business";;;"South Metropolitan";"LIB";;;;1;1;"PO Box 919";;"Canning Bridge";"WA";6153;;;;1;0;"904 Canning Highway";;"Canning Bridge";"WA";6153;;;;3;0;"Parliament House";;"Perth";"WA";6028;;;;4;0;"13th Floor, Dumas House";"2 Havelock Street";"West Perth";"WA";6005
;"Ms";"Ljiljanna";"Ravlich";;;;"East Metropolitan";"ALP";;;;1;0;"Unit 3 263 Walter Road";;"Morley";"WA";6062;;;;;;;;;;;;;;3;0;"Parliament House";;"Perth";"WA";6029;;;;;;;;;;
;"Ms";"Linda";"Savage";;;;"East Metropolitan";"ALP";;;;1;0;"Unit 1";"398 Great Eastern Highway";"Ascot";"WA";6104;;;;;;;;;;;;;;3;0;"Parliament House";;"Perth";"WA";6030;;;;;;;;;;
;"Ms";"Sally";"Talbot";;;;"South West";"ALP";;;;1;0;"Shop 21, Meadow Springs Shopping Centre";"25 Meadow Springs Drive";"Mandurah";"WA";6210;;;;;;;;;;;;;;3;0;"Parliament House";;"Perth";"WA";6031;;;;;;;;;;
;"Mr";"Ken";"Travers";;;;"North Metropolitan";"ALP";;;;1;0;"Unit 2";"129 Grand Boulevard (Cnr Reid Promenade)";"Joondalup";"WA";6027;;;;;;;;;;;;;;3;0;"Parliament House";;"Perth";"WA";6032;;;;;;;;;;
;"Mr";"Max";"Trenorden";;;;"Agricultural";"NPA";;;;1;1;"PO Box 118";;"Northam";"WA";6401;;;;1;0;"Entrance Northam Boulevard";;"Northam";"WA";6401;;;;3;0;"Parliament House";;"Perth";"WA";6033;;;;;;;;;;
;"Ms";"Giz";"Watson";;;;"North Metropolitan";"GWA";;;;1;0;"339 Oxford Street";;"Leederville";"WA";6007;;;;1;0;"339 Oxford Street";;"Leederville";"WA";6007;;;;3;0;"Parliament House";;"Perth";"WA";6034;;;;;;;;;;
;"Ms";"Alison";"Xamon";;;;"East Metropolitan";"GWA";;;;1;1;"PO Box 104";;"Maylands";"WA";6931;;;;1;0;"62 Eighth Street";;"Maylands";"WA";6051;;;;3;0;"Parliament House";;"Perth";"WA";6035;;;;;;;;;;
